<?xml version="1.0" encoding="UTF-8"?>
<section name="Workbench">
	<section name="SmartImportWizard">
		<item key="SmartImportRootWizardPage.STORE_HIDE_ALREADY_OPEN" value="false"/>
		<item key="SmartImportRootWizardPage.STORE_CLOSE_IMPORTED" value="false"/>
		<item key="SmartImportRootWizardPage.STORE_NESTED_PROJECTS" value="true"/>
		<item key="SmartImportRootWizardPage.STORE_CONFIGURE_NATURES" value="true"/>
		<list key="org.eclipse.ui.internal.wizards.datatransfer.SmartImportRootWizardPage.knownSources">
			<item value="C:\Users\user1\Desktop\KH_workspace\Back\workspace_back"/>
		</list>
	</section>
	<section name="SaveAsDialogSettings">
		<item key="DIALOG_X_ORIGIN" value="423"/>
		<item key="DIALOG_Y_ORIGIN" value="105"/>
		<item key="DIALOG_WIDTH" value="525"/>
		<item key="DIALOG_HEIGHT" value="580"/>
		<item key="DIALOG_FONT_NAME" value="1|맑은 고딕|9.0|0|WINDOWS|1|-12|0|0|0|400|0|0|0|1|0|0|0|0|맑은 고딕"/>
	</section>
	<section name="org.eclipse.ui.dialogs.FilteredResourcesSelectionDialog">
		<item key="ShowStatusLine" value="true"/>
		<item key="History" value="&lt;?xml version=&quot;1.0&quot; encoding=&quot;UTF-8&quot;?&gt;&#x0D;&#x0A;&lt;History&gt;&#x0D;&#x0A;&lt;historyRootNode/&gt;&#x0D;&#x0A;&lt;/History&gt;"/>
		<item key="ShowDerived" value="false"/>
		<item key="FilterByLocation" value="false"/>
		<item key="WorkingSet" value="&lt;?xml version=&quot;1.0&quot; encoding=&quot;UTF-8&quot;?&gt;&#x0D;&#x0A;&lt;workingSet workingSetName=&quot;&quot;/&gt;"/>
		<section name="DialogBoundsSettings">
			<item key="DIALOG_HEIGHT" value="500"/>
			<item key="DIALOG_WIDTH" value="600"/>
			<item key="DIALOG_X_ORIGIN" value="375"/>
			<item key="DIALOG_Y_ORIGIN" value="158"/>
			<item key="DIALOG_FONT_NAME" value="1|맑은 고딕|9.0|0|WINDOWS|1|-12|0|0|0|400|0|0|0|1|0|0|0|0|맑은 고딕"/>
		</section>
	</section>
	<section name="NewWizardAction">
		<item key="NewWizardSelectionPage.STORE_SELECTED_ID" value="org.eclipse.jst.servlet.ui.project.facet.WebProjectWizard"/>
		<list key="NewWizardSelectionPage.STORE_EXPANDED_CATEGORIES_ID">
			<item value="org.eclipse.wst.web.ui"/>
		</list>
	</section>
	<section name="ExternalProjectImportWizard">
	</section>
</section>
