<?xml version="1.0" encoding="UTF-8"?>
<section name="Workbench">
	<item key="org.eclipse.jdt.ui.lastextjar" value="C:\oraclexe\app\oracle\product\11.2.0\server\jdbc\lib"/>
	<section name="completion_proposal_size">
	</section>
	<section name="quick_assist_proposal_size">
	</section>
	<section name="JavaElementSearchActions">
	</section>
	<section name="BuildPathsPropertyPage">
		<item key="pageIndex" value="2"/>
	</section>
	<section name="ClasspathContainerSelectionPage">
		<item key="index" value="7"/>
	</section>
	<section name="RefactoringWizard.preview">
		<item key="width" value="600"/>
		<item key="height" value="400"/>
	</section>
	<section name="org.eclipse.ltk.ui.refactoring.settings">
		<item key="updateSimilarElements" value="false"/>
		<item key="updateSimilarElementsMatchStrategy" value="1"/>
		<item key="updateTextualMatches" value="false"/>
		<item key="updateQualifiedNames" value="false"/>
		<item key="patterns" value="*"/>
	</section>
	<section name="NewPackageWizardPage">
		<item key="create_package_info_java" value="false"/>
	</section>
	<section name="OptionalMessageDialog.hide.">
		<item key="org.eclipse.jdt.ui.typecomment.deprecated" value="true"/>
	</section>
	<section name="NewClassWizardPage">
		<item key="create_constructor" value="false"/>
		<item key="create_unimplemented" value="true"/>
	</section>
	<section name="SourceActionDialog.constructors">
		<item key="VisibilityModifier" value="1"/>
		<item key="FinalModifier" value="false"/>
		<item key="SynchronizedModifier" value="false"/>
		<item key="Comments" value="false"/>
	</section>
	<section name="GenerateConstructorUsingFieldsSelectionDialog">
		<item key="OmitCallToSuper" value="false"/>
	</section>
	<section name="DialogBounds_GenerateConstructorUsingFieldsSelectionDialog">
		<item key="DIALOG_X_ORIGIN" value="420"/>
		<item key="DIALOG_Y_ORIGIN" value="39"/>
		<item key="DIALOG_WIDTH" value="531"/>
		<item key="DIALOG_HEIGHT" value="678"/>
		<item key="DIALOG_FONT_NAME" value="1|맑은 고딕|9.0|0|WINDOWS|1|-12|0|0|0|400|0|0|0|1|0|0|0|0|맑은 고딕"/>
	</section>
	<section name="SourceActionDialog.methods">
		<item key="VisibilityModifier" value="1"/>
		<item key="FinalModifier" value="false"/>
		<item key="SynchronizedModifier" value="false"/>
		<item key="Comments" value="false"/>
	</section>
	<section name="AddGetterSetterDialog">
		<item key="SortOrdering" value="false"/>
		<item key="RemoveFinal" value="false"/>
	</section>
	<section name="DialogBounds_GetterSetterTreeSelectionDialog">
		<item key="DIALOG_X_ORIGIN" value="415"/>
		<item key="DIALOG_Y_ORIGIN" value="27"/>
		<item key="DIALOG_WIDTH" value="540"/>
		<item key="DIALOG_HEIGHT" value="696"/>
		<item key="DIALOG_FONT_NAME" value="1|맑은 고딕|9.0|0|WINDOWS|1|-12|0|0|0|400|0|0|0|1|0|0|0|0|맑은 고딕"/>
	</section>
	<section name="RenameInformationPopup">
	</section>
</section>
